{
  "lang":"ru",
  "name":"pipeline",
  "version":"0.0.0",
  "spacy_version":">=3.7.2,<3.8.0",
  "description":"",
  "author":"",
  "email":"",
  "url":"",
  "license":"",
  "spacy_git_version":"a89eae928",
  "vectors":{
    "width":0,
    "vectors":0,
    "keys":0,
    "name":null,
    "mode":"default"
  },
  "labels":{
    "tok2vec":[

    ],
    "ner":[
      "\u0411\u0420\u0415\u041d\u0414",
      "\u0412\u0418\u0414 \u0421\u041f\u041e\u0420\u0422\u0410",
      "\u0412\u0418\u0414\u0415\u041e\u0418\u0413\u0420\u0410",
      "\u0414\u0410\u0422\u0410",
      "\u041a\u041e\u041c\u0410\u041d\u0414\u0410",
      "\u041b\u0418\u0413\u0410",
      "\u041b\u041e\u041a\u0410\u0426\u0418\u042f",
      "\u041c\u041e\u0414\u0415\u041b\u042c",
      "\u041d\u0410\u0417\u0412\u0410\u041d\u0418\u0415 \u041f\u0420\u041e\u0415\u041a\u0422\u0410",
      "\u041e\u0420\u0413\u0410\u041d\u0418\u0417\u0410\u0426\u0418\u042f",
      "\u041f\u0415\u0420\u0421\u041e\u041d\u0410",
      "\u0421\u0415\u0417\u041e\u041d",
      "\u0421\u0415\u0420\u0418\u042f"
    ]
  },
  "pipeline":[
    "tok2vec",
    "ner"
  ],
  "components":[
    "tok2vec",
    "ner"
  ],
  "disabled":[

  ],
  "performance":{
    "ents_f":0.3610926049,
    "ents_p":0.4453574363,
    "ents_r":0.3036414566,
    "ents_per_type":{
      "\u0414\u0410\u0422\u0410":{
        "p":0.7572254335,
        "r":0.6238095238,
        "f":0.684073107
      },
      "\u041f\u0415\u0420\u0421\u041e\u041d\u0410":{
        "p":0.4068627451,
        "r":0.5253164557,
        "f":0.4585635359
      },
      "\u041d\u0410\u0417\u0412\u0410\u041d\u0418\u0415 \u041f\u0420\u041e\u0415\u041a\u0422\u0410":{
        "p":0.250965251,
        "r":0.1252408478,
        "f":0.1670951157
      },
      "\u0421\u0415\u0420\u0418\u042f":{
        "p":0.6428571429,
        "r":0.4375,
        "f":0.520661157
      },
      "\u041b\u041e\u041a\u0410\u0426\u0418\u042f":{
        "p":0.4090909091,
        "r":0.28125,
        "f":0.3333333333
      },
      "\u0421\u0415\u0417\u041e\u041d":{
        "p":0.7777777778,
        "r":0.75,
        "f":0.7636363636
      },
      "\u0411\u0420\u0415\u041d\u0414":{
        "p":0.4,
        "r":0.0869565217,
        "f":0.1428571429
      },
      "\u0412\u0418\u0414 \u0421\u041f\u041e\u0420\u0422\u0410":{
        "p":0.5,
        "r":0.025,
        "f":0.0476190476
      },
      "\u041c\u041e\u0414\u0415\u041b\u042c":{
        "p":0.0,
        "r":0.0,
        "f":0.0
      },
      "\u0412\u0418\u0414\u0415\u041e\u0418\u0413\u0420\u0410":{
        "p":0.2941176471,
        "r":0.0617283951,
        "f":0.1020408163
      },
      "\u041a\u041e\u041c\u0410\u041d\u0414\u0410":{
        "p":0.0,
        "r":0.0,
        "f":0.0
      },
      "\u041e\u0420\u0413\u0410\u041d\u0418\u0417\u0410\u0426\u0418\u042f":{
        "p":0.625,
        "r":0.2702702703,
        "f":0.3773584906
      },
      "\u041b\u0418\u0413\u0410":{
        "p":0.2,
        "r":0.1666666667,
        "f":0.1818181818
      }
    },
    "tok2vec_loss":297.4496038633,
    "ner_loss":4145.1674091023
  }
}